Country Name,Country Code,Indicator Name,Indicator Code,1960,1961,1962,1963,1964,1965,1966,1967,1968,1969,1970,1971,1972,1973,1974,1975,1976,1977,1978,1979,1980,1981,1982,1983,1984,1985,1986,1987,1988,1989,1990,1991,1992,1993,1994,1995,1996,1997,1998,1999,2000,2001,2002,2003,2004,2005,2006,2007,2008,2009,2010,2011,2012,2013,2014,2015,2016
Australia,AUS,GDP (current US$),NY.GDP.MKTP.CD,18593347519,19666256020,19911524247,21527606675,23787658192,25962593795,27288610147,30421099787,32687870982,36659200358,41304737373,45183111211,52003504673,63782190903,88906411201,97226546497,1.04974E+11,1.10266E+11,1.18401E+11,1.34794E+11,1.49887E+11,1.76805E+11,1.93955E+11,1.77176E+11,1.93504E+11,1.80471E+11,1.82282E+11,1.89376E+11,2.36136E+11,2.99941E+11,3.11426E+11,3.26069E+11,3.25693E+11,3.12373E+11,3.23217E+11,3.68392E+11,4.01819E+11,4.36098E+11,3.99779E+11,3.89147E+11,4.15446E+11,3.789E+11,3.94636E+11,4.66853E+11,6.1333E+11,6.93764E+11,7.47573E+11,8.53765E+11,1.05533E+12,9.27168E+11,1.14288E+12,1.39056E+12,1.53819E+12,1.56718E+12,1.4596E+12,1.34538E+12,1.20462E+12
Australia,AUS,Imports of goods and services (current US$),NE.IMP.GNFS.CD,2611714638,2952178295,2512039422,2974577220,3270243028,3959009968,4124762011,4222197335,4730652929,4882965618,5455258148,5839399709,6251168224,7062139654,11784819455,14352041513,14071599647,16180316586,17304308595,20742928547,23893036212,29641239986,32685644930,27726719701,29067197971,31256424024,32979854505,32383536263,39316065192,50963276606,53254328588,52891452790,53566869184,55920460933,59734347976,73036828037,77569802731,81973704805,81368785186,80249404687,89083715380,83150692283,81408539138,98146185207,1.2079E+11,1.44095E+11,1.59927E+11,1.83462E+11,2.35793E+11,2.07759E+11,2.33202E+11,2.79402E+11,3.28788E+11,3.27211E+11,3.07764E+11,2.84286E+11,2.53979E+11
Australia,AUS,Exports of goods and services (current US$),NE.EXP.GNFS.CD,2413484153,2437003024,2772986897,2796505768,3549109643,3428155449,3525590772,3915332064,4016127226,4377869862,5354462986,5715085676,6663551402,9019859065,11680176861,13874095316,14185049792,15449644414,16123392736,19275247075,24616155989,26334610473,26231932031,24060832943,26236189096,27497123571,27321628428,29290629963,37674621653,45334256168,47071950750,52249430971,54226716911,54747048904,58015219647,65793733294,75814112291,83327594303,78237807773,71357312946,80650631162,83817752495,81500104646,88243447874,1.0424E+11,1.25269E+11,1.46423E+11,1.69724E+11,2.08368E+11,2.08703E+11,2.22103E+11,2.9385E+11,3.27174E+11,3.09446E+11,3.03843E+11,2.64829E+11,2.27285E+11
Australia,AUS,"Population, total",SP.POP.TOTL,10276477,10483000,10742000,10950000,11167000,11388000,11651000,11799000,12009000,12263000,12507000,12937000,13177000,13380000,13723000,13893000,14033000,14192000,14358000,14514000,14692000,14927000,15178000,15369000,15544000,15758000,16018400,16263900,16532200,16814400,17065100,17284000,17495000,17667000,17855000,18072000,18311000,18517000,18711000,18926000,19153000,19413000,19651400,19895400,20127400,20394800,20697900,20827600,21249200,21691700,22031750,22340024,22728254,23117353,23460694,23789338,24127159
Australia,AUS,Population in largest city,EN.URB.LCTY,2134673,2183523,2233459,2284537,2336856,2390224,2445016,2549933,2659506,2773466,2892477,3016037,3041223,3066549,3092121,3117906,3143945,3170608,3197534,3224688,3252111,3279743,3317267,3355221,3393661,3432435,3471704,3511087,3550973,3591200,3631940,3673110,3709185,3745512,3782247,3819341,3856907,3904835,3953426,4002622,4052499,4102745,4133013,4163504,4194262,4225162,4256307,4283072,4310042,4337107,4364380,4391824,4419441,4447231,4475196,4505341,4539598
Australia,AUS,GDP per capita (current US$),NY.GDP.PCAP.CD,1809.311452,1876.01412,1853.614248,1965.991477,2130.17446,2279.820319,2342.168925,2578.277802,2721.947788,2989.415344,3302.529573,3492.549371,3946.535985,4766.979888,6478.642513,6998.239869,7480.521526,7769.59668,8246.317846,9287.158625,10201.9783,11844.63254,12778.66257,11528.1681,12448.78373,11452.65689,11379.52337,11643.94718,14283.38445,17838.36312,18249.28849,18865.34352,18616.32081,17681.14687,18102.31756,20384.66929,21944.15506,23551.22217,21365.98141,20561.47678,21690.921,19517.84168,20081.81763,23465.38559,30472.37977,34016.71483,36118.28381,40991.98289,49664.68504,42742.99898,51874.08048,62245.10029,67677.63477,67792.30386,62214.60912,56554.03876,49927.81951
Brazil,BRA,GDP (current US$),NY.GDP.MKTP.CD,15165569913,15236854859,19926293839,23021477292,21211892260,21790035117,27062716578,30591834054,33875881876,37458898244,42327600098,49204456700,58539008786,79279057731,1.05136E+11,1.23709E+11,1.52678E+11,1.76171E+11,2.00801E+11,2.24969E+11,2.35025E+11,2.63561E+11,2.81682E+11,2.03305E+11,2.09024E+11,2.22943E+11,2.68137E+11,2.94084E+11,3.30397E+11,4.25595E+11,4.61952E+11,6.0286E+11,4.00599E+11,4.37799E+11,5.58112E+11,7.85643E+11,8.50426E+11,8.83199E+11,8.63723E+11,5.99389E+11,6.55421E+11,5.59373E+11,5.07963E+11,5.5832E+11,6.69316E+11,8.9163E+11,1.10764E+12,1.39708E+12,1.69582E+12,1.66702E+12,2.20887E+12,2.6162E+12,2.46519E+12,2.47281E+12,2.45599E+12,1.80365E+12,1.79619E+12
Brazil,BRA,Exports of goods and services (current US$),NE.EXP.GNFS.CD,1070544629,1109152823,770900519.7,2080325262,1354466135,1685625122,1846958712,1764834055,2032731103,2479930322,2975391707,3155632739,4249449496,6557708238,8424673828,9325921437,10741988183,12776590679,13404621905,16026612550,21276141968,24828388399,21435129573,23221079049,28317692073,27305943051,23640556197,27820190045,35974382968,38004000000,37880000000,52310000000,43538125000,45983167702,53941811356,57921978860,57235100985,61679962894,60724687635,57330688268,66775075157,69203724173,72286328432,84757556061,1.10744E+11,1.35918E+11,1.59216E+11,1.86198E+11,2.29513E+11,1.80894E+11,2.37192E+11,2.99977E+11,2.88502E+11,2.87592E+11,2.70453E+11,2.32477E+11,2.24312E+11
Brazil,BRA,Imports of goods and services (current US$),NE.IMP.GNFS.CD,1079376915,1118302726,1033970196,2097486801,1204326396,1210637974,1621508461,1764834055,2239326015,2454948720,3153304260,4004245614,5177234172,7532763885,14596797400,14233481673,14401534168,13948797700,15791774011,20642227950,26571483280,25827534749,23307743171,18314364419,16563864377,15818492272,17038985217,18211636976,18807996682,23242900391,32160000000,47710000000,33590625000,39822360248,53957453465,72751443827,75733757835,84720779221,81259801810,68433900920,81610822629,81470538220,68004708451,72356191095,87897777778,1.05596E+11,1.29232E+11,1.6716E+11,2.32728E+11,1.87616E+11,2.60188E+11,3.20105E+11,3.22009E+11,3.44504E+11,3.35819E+11,2.53714E+11,2.17796E+11
Brazil,BRA,"Population, total",SP.POP.TOTL,72207554,74351763,76573248,78854019,81168654,83498020,85837799,88191378,90557064,92935072,95326793,97728961,100143598,102584278,105069367,107612100,110213082,112867867,115577669,118342626,121159761,124030908,126947365,129882321,132800684,135676281,138499464,141273488,144001542,146691981,149352145,151976577,154564278,157132682,159705123,162296612,164913306,167545164,170170640,172759243,175287587,177750670,180151021,182482149,184738458,186917361,189012412,191026637,192979029,194895996,196796269,198686688,200560983,202408632,204213133,205962108,207652865
Brazil,BRA,Population in largest city,EN.URB.LCTY,4493182,4681086,4878624,5084497,5299360,5522674,5865661,6262294,6686349,7137833,7620490,8004335,8380068,8772332,9183536,9614016,10065309,10536457,11030355,11547405,12089454,12383528,12628957,12879250,13134858,13394815,13660287,13931020,14207502,14488689,14775840,15068681,15288036,15493544,15702105,15913473,16127983,16344782,16564802,16787782,17014078,17260029,17511506,17766646,18025864,18288134,18554591,18824929,19099587,19377480,19659808,19946249,20236863,20531712,20830857,21066245,21296830
Brazil,BRA,GDP per capita (current US$),NY.GDP.PCAP.CD,210.0274704,204.9293015,260.2252661,291.950589,261.3310831,260.9646925,315.2773824,346.8801004,374.0832618,403.0652523,444.0262676,503.4787661,584.5506848,772.8187913,1000.634253,1149.586121,1385.29853,1560.86306,1737.367552,1901.001325,1939.790876,2124.962989,2218.890515,1565.297832,1573.967139,1643.196503,1936.016335,2081.665262,2294.401695,2901.285449,3093.037479,3966.795488,2591.797116,2786.171356,3494.640541,4840.787782,5156.805408,5271.411137,5075.631114,3469.503972,3739.119036,3146.950177,2819.649531,3059.587582,3623.047667,4770.182746,5860.145975,7313.557962,8787.610375,8553.38047,11224.15408,13167.47289,12291.46685,12216.90446,12026.61731,8757.206202,8649.948492
Canada,CAN,GDP (current US$),NY.GDP.MKTP.CD,41093453545,40767969454,41978852041,44657169109,48882938810,53909570342,60358632035,64768831262,70759031842,77887510242,87896095224,99271961478,1.13083E+11,1.31322E+11,1.60409E+11,1.73834E+11,2.06576E+11,2.11612E+11,2.18633E+11,2.43072E+11,2.73854E+11,3.06215E+11,3.13507E+11,3.40548E+11,3.55373E+11,3.64756E+11,3.77438E+11,4.31317E+11,5.07354E+11,5.65056E+11,5.9393E+11,6.10328E+11,5.92388E+11,5.77171E+11,5.78139E+11,6.04032E+11,6.28546E+11,6.52825E+11,6.31813E+11,6.76083E+11,7.42293E+11,7.3638E+11,7.57951E+11,8.92381E+11,1.0232E+12,1.16936E+12,1.31542E+12,1.46498E+12,1.54913E+12,1.37115E+12,1.61346E+12,1.78865E+12,1.82429E+12,1.84263E+12,1.79288E+12,1.55281E+12,1.52976E+12
Canada,CAN,Imports of goods and services (current US$),NE.IMP.GNFS.CD,7452527623,7359338827,7469254670,7792434890,8874461306,10055817479,11653023568,12469546116,14139540131,16467693333,17034787061,19266916221,23016335084,28022835316,38321052045,41211329925,46290677789,48445935402,52877847462,62707546952,70404560896,78611226958,66961173705,73958941902,87017990889,92167704138,98333213386,1.07112E+11,1.28295E+11,1.41234E+11,1.47858E+11,1.51757E+11,1.57205E+11,1.6803E+11,1.82802E+11,1.99284E+11,2.08617E+11,2.36596E+11,2.4081E+11,2.59053E+11,2.86676E+11,2.67822E+11,2.70575E+11,2.94625E+11,3.36556E+11,3.84891E+11,4.29507E+11,4.69362E+11,5.05034E+11,4.10146E+11,4.99993E+11,5.68146E+11,5.87121E+11,5.86141E+11,5.84533E+11,5.27476E+11,5.1041E+11
Canada,CAN,Exports of goods and services (current US$),NE.EXP.GNFS.CD,6971938200,7237503017,7464915853,8151311703,9379474862,9992735996,11671587968,13127741481,14998956980,16547561104,19268786774,20915471480,24074940600,29903797120,38628506953,38310330810,44944129412,48194022473,53797091961,64188302885,75548816114,80971724080,79140795980,85042194093,99463361903,1.0065E+11,1.0202E+11,1.12299E+11,1.32298E+11,1.41573E+11,1.48911E+11,1.48537E+11,1.55086E+11,1.68142E+11,1.89509E+11,2.18086E+11,2.33248E+11,2.49008E+11,2.53008E+11,2.83124E+11,3.28372E+11,3.09546E+11,3.03441E+11,3.28645E+11,3.81529E+11,4.30267E+11,4.64728E+11,5.00336E+11,5.3171E+11,3.89898E+11,4.69066E+11,5.46694E+11,5.51183E+11,5.55798E+11,5.66203E+11,4.90372E+11,4.74219E+11
Canada,CAN,"Population, total",SP.POP.TOTL,17909009,18271000,18614000,18964000,19325000,19678000,20048000,20412000,20744000,21028000,21324000,21645535,21993631,22369408,22774087,23209000,23518000,23796000,24036000,24277000,24593000,24900000,25202000,25456000,25702000,25942000,26204000,26550000,26895000,27379000,27791000,28171682,28519597,28833410,29111906,29354000,29671900,29987200,30247900,30499200,30769700,31081900,31362000,31676000,31995000,32312000,32570505,32887928,33245773,33628571,34005274,34342780,34750545,35155451,35544564,35848610,36286425
Canada,CAN,Population in largest city,EN.URB.LCTY,2031108,2114517,2176403,2240102,2305756,2373145,2441566,2500090,2560101,2621381,2684215,2744174,2755944,2767733,2779588,2791494,2807079,2855955,2905750,2956414,3008032,3061725,3132656,3205229,3279588,3355459,3433952,3523629,3615776,3710070,3806957,3904154,3975528,4048005,4121907,4197157,4274256,4355039,4437464,4521449,4607142,4693504,4776698,4861366,4947655,5035232,5124530,5215742,5308706,5403064,5499233,5597114,5696737,5798134,5901335,5992739,6082916
Canada,CAN,GDP per capita (current US$),NY.GDP.PCAP.CD,2294.568814,2231.293824,2255.230044,2354.839122,2529.518179,2739.585849,3010.705908,3173.076194,3411.060154,3703.990405,4121.932809,4586.255848,5141.616725,5870.600564,7043.474351,7489.940531,8783.721592,8892.76168,9096.058722,10012.44397,11135.43799,12297.78569,12439.74784,13377.89565,13826.64999,14060.46178,14403.8287,16245.45168,18864.26292,20638.29005,21371.2911,21664.59864,20771.25035,20017.42985,19859.20398,20577.48939,21183.22008,21770.13408,20887.83947,22167.22585,24124.16917,23691.59472,24167.80431,28172.14883,31979.87195,36189.58838,40386.69948,44544.5268,46596.33599,40773.45436,47447.47602,52082.21076,52496.69487,52413.72116,50440.43376,43315.70044,42157.92799
China,CHN,GDP (current US$),NY.GDP.MKTP.CD,59716467625,50056868958,47209359006,50706799903,59708343489,70436266147,76720285970,72881631327,70846535056,79705906247,92602973434,99800958648,1.13688E+11,1.38544E+11,1.44182E+11,1.63432E+11,1.5394E+11,1.74938E+11,1.49541E+11,1.78283E+11,1.9115E+11,1.95865E+11,2.05092E+11,2.30686E+11,2.59946E+11,3.09486E+11,3.00759E+11,2.72973E+11,3.12354E+11,3.47767E+11,3.60859E+11,3.83373E+11,4.26915E+11,4.44731E+11,5.64325E+11,7.34548E+11,8.63746E+11,9.61603E+11,1.02904E+12,1.094E+12,1.21135E+12,1.3394E+12,1.47055E+12,1.66029E+12,1.95535E+12,2.28597E+12,2.75213E+12,3.55218E+12,4.59821E+12,5.10995E+12,6.10062E+12,7.57255E+12,8.56055E+12,9.60722E+12,1.04824E+13,1.10647E+13,1.11991E+13
China,CHN,Exports of goods and services (current US$),NE.EXP.GNFS.CD,2571289301,1937606629,1913234219,2031034203,2250385896,2563165164,2680965147,2388496222,2339751401,2429116906,2307254854,2782516858,3692485858,5876143561,7107893127,7688998817,6943442876,7519646894,6813008130,9204347826,11300000000,14587301587,22695615076,22280723333,24772194893,26563850476,26422791623,35090911323,46026013498,43054088927,50613099178,58573892125,68851090754,79894597197,1.08829E+11,1.35421E+11,1.61068E+11,1.78262E+11,1.93068E+11,2.04359E+11,2.57238E+11,2.79112E+11,3.38084E+11,4.61132E+11,6.21343E+11,7.88941E+11,1.02311E+12,1.27695E+12,1.47254E+12,1.24469E+12,1.60248E+12,2.0063E+12,2.17508E+12,2.35425E+12,2.52416E+12,2.43126E+12,2.19997E+12
China,CHN,Imports of goods and services (current US$),NE.IMP.GNFS.CD,2644406532,1746689414,1372979121,1450158421,1710130799,2246323828,2481923796,2169144528,2067592818,1917296287,2278820375,2128523844,2850652532,5207600281,7791148277,7925583396,6660142165,7148239854,7617886179,10560869565,12450000000,14591269841,17788124809,19385304444,24710305071,38302403265,33592580696,33781853901,48984701337,46118793482,38461758929,43941659164,61849400126,86072328750,97250445195,1.19901E+11,1.37262E+11,1.44624E+11,1.44914E+11,1.68058E+11,2.24306E+11,2.43974E+11,2.9562E+11,4.12137E+11,5.56183E+11,6.48712E+11,7.82812E+11,9.49017E+11,1.14648E+12,1.02959E+12,1.38008E+12,1.8254E+12,1.94322E+12,2.11938E+12,2.26125E+12,2.04576E+12,1.95037E+12
China,CHN,"Population, total",SP.POP.TOTL,667070000,660330000,665770000,682335000,698355000,715185000,735400000,754550000,774510000,796025000,818315000,841105000,862030000,881940000,900350000,916395000,930685000,943455000,956165000,969005000,981235000,993885000,1008630000,1023310000,1036825000,1051040000,1066790000,1084035000,1101630000,1118650000,1135185000,1150780000,1164970000,1178440000,1191835000,1204855000,1217550000,1230075000,1241935000,1252735000,1262645000,1271850000,1280400000,1288400000,1296075000,1303720000,1311020000,1317885000,1324655000,1331260000,1337705000,1344130000,1350695000,1357380000,1364270000,1371220000,1378665000
China,CHN,Population in largest city,EN.URB.LCTY,6819634,6718379,6618492,6520089,6423017,6428131,6385767,6296598,6208554,6121978,6036492,5952201,5868972,5787132,5706322,5626640,5547964,5470600,5630964,5796030,5966171,6140818,6320829,6491492,6667007,6846765,7031628,7221482,7416734,7616707,7823028,8289327,8784122,9306966,9861717,10449535,11073273,11732372,12431692,13172695,13958981,14567277,15087756,15626832,16185952,16763455,17362403,17982750,18626163,19290732,19979977,20693849,21434264,22199023,22991068,23740778,24483789
China,CHN,GDP per capita (current US$),NY.GDP.PCAP.CD,89.52054151,75.80583793,70.90941167,74.31364345,85.49855516,98.48677775,104.3245662,96.58953194,91.47271831,100.1299033,113.1629916,118.6545778,131.8835612,157.0903743,160.1400937,178.3418196,165.4055404,185.4228329,156.3962814,183.9852309,194.8055257,197.0701634,203.3368064,225.4310265,250.7138896,294.4572943,281.9293584,251.8120671,283.5379478,310.8811572,317.8851981,333.1417146,366.4602759,377.3895183,473.4927622,609.6567653,709.4134628,781.743728,828.5804103,873.2872953,959.3721081,1053.108024,1148.508057,1288.642924,1508.668462,1753.4178,2099.229676,2695.366223,3471.247547,3838.434292,4560.512487,5633.796106,6337.882993,7077.770594,7683.502038,8069.211938,8123.180873
France,FRA,GDP (current US$),NY.GDP.MKTP.CD,62651474947,68346741504,76313782252,85551113767,94906593388,1.02161E+11,1.10597E+11,1.19466E+11,1.29847E+11,1.40725E+11,1.48949E+11,1.66564E+11,2.04283E+11,2.65382E+11,2.86526E+11,3.62001E+11,3.7341E+11,4.11464E+11,5.08183E+11,6.15834E+11,7.03525E+11,6.1759E+11,5.86837E+11,5.61852E+11,5.32649E+11,5.55197E+11,7.74556E+11,9.38368E+11,1.0235E+12,1.03012E+12,1.2753E+12,1.27556E+12,1.40872E+12,1.33009E+12,1.40164E+12,1.60989E+12,1.61425E+12,1.46071E+12,1.51076E+12,1.50028E+12,1.36844E+12,1.38222E+12,1.50034E+12,1.84812E+12,2.12411E+12,2.20368E+12,2.32501E+12,2.66311E+12,2.92347E+12,2.69383E+12,2.64684E+12,2.86268E+12,2.68142E+12,2.80851E+12,2.84931E+12,2.43356E+12,2.46545E+12
France,FRA,Imports of goods and services (current US$),NE.IMP.GNFS.CD,7874771893,8433174750,9246854520,10665733809,12384789421,12845806484,14652769102,15654898773,17479359121,20830196887,22840439353,25680123121,32141742523,44500589275,61875340971,64246596298,75251297460,83474190960,96984011628,1.24406E+11,1.57541E+11,1.43897E+11,1.39146E+11,1.26747E+11,1.25451E+11,1.30676E+11,1.57688E+11,1.92758E+11,2.13703E+11,2.28608E+11,2.75634E+11,2.74227E+11,2.88901E+11,2.52204E+11,2.80513E+11,3.35922E+11,3.40833E+11,3.26303E+11,3.50646E+11,3.52762E+11,3.70654E+11,3.66599E+11,3.80722E+11,4.53181E+11,5.37141E+11,5.90215E+11,6.51268E+11,7.56838E+11,8.51828E+11,6.86824E+11,7.39135E+11,8.69267E+11,8.2262E+11,8.56336E+11,8.78275E+11,7.59666E+11,7.6801E+11
France,FRA,Exports of goods and services (current US$),NE.EXP.GNFS.CD,9019483362,9513310197,9793338485,10775818755,11993208179,13515048018,14696648797,15703743029,17106381716,19717925360,23531357033,27175328519,33672301691,46162345315,58701582106,67713018204,71733133024,82717304092,1.02174E+11,1.26733E+11,1.46649E+11,1.34706E+11,1.24699E+11,1.25145E+11,1.26038E+11,1.2849E+11,1.56594E+11,1.82341E+11,2.06707E+11,2.21302E+11,2.65415E+11,2.70016E+11,2.97934E+11,2.74135E+11,3.00818E+11,3.60711E+11,3.6841E+11,3.68722E+11,3.89712E+11,3.85869E+11,3.85536E+11,3.84176E+11,4.05688E+11,4.73321E+11,5.50336E+11,5.81084E+11,6.31842E+11,7.2246E+11,8.00627E+11,6.48448E+11,6.89322E+11,7.95925E+11,7.64789E+11,8.03461E+11,8.21857E+11,7.26352E+11,7.25599E+11
France,FRA,"Population, total",SP.POP.TOTL,46814237,47444751,48119649,48803680,49449403,50023774,50508717,50915456,51276054,51638260,52035095,52480421,52959228,53441264,53882416,54252574,54541493,54764462,54947975,55130594,55340782,55585824,55858727,56156284,56470769,56795686,57132691,57482591,57836486,58182702,58512808,58559312,58851216,59106766,59327194,59541900,59753098,59964845,60186291,60496715,60912498,61357431,61805267,62244884,62704897,63179356,63621376,64016229,64374990,64707044,65027512,65342776,65659790,65998570,66331957,66624068,66896109
France,FRA,Population in largest city,EN.URB.LCTY,7410735,7539888,7650751,7718298,7786535,7855185,7924537,7994501,8065180,8136287,8208121,8280588,8353797,8427449,8501853,8557844,8580055,8602261,8624556,8646908,8669349,8691787,8731086,8805496,8880643,8956222,9032550,9109528,9187270,9265459,9330327,9366009,9401876,9437781,9473873,9510103,9546522,9582980,9619628,9666887,9736538,9806497,9877056,9948123,10019801,10091795,10164407,10237542,10311304,10385393,10460118,10535381,10611185,10687534,10764433,10843285,10925231
France,FRA,GDP per capita (current US$),NY.GDP.PCAP.CD,1338.299606,1440.55433,1585.917267,1752.964403,1919.266718,2042.240384,2189.670888,2346.362952,2532.314748,2725.217643,2862.469268,3173.840026,3857.37279,4965.854769,5317.61951,6672.511388,6846.352197,7513.344973,9248.441631,11170.46017,12712.6014,11110.55977,10505.73547,10005.15167,9432.292357,9775.339435,13557.14722,16324.39356,17696.51115,17704.95898,21795.23783,21782.4162,23937.05692,22503.26085,23625.529,27037.97213,27015.25896,24359.42506,25101.36874,24799.29601,22465.64184,22527.31775,24275.2426,29691.18158,33874.74255,34879.72633,36544.50853,41600.58397,45413.06571,41631.13141,40703.34279,43810.20088,40838.02444,42554.12205,42955.24287,36526.77011,36854.96828
India,IND,GDP (current US$),NY.GDP.MKTP.CD,36535925031,38709096076,41599070242,47776000900,55726873084,58760424670,45253641303,49466168891,52377324284,57668330026,61589800520,66452561866,70509913049,84374541630,98198276857,97159222024,1.01347E+11,1.19867E+11,1.35469E+11,1.50951E+11,1.8384E+11,1.9091E+11,1.98038E+11,2.15351E+11,2.09328E+11,2.2941E+11,2.45665E+11,2.75311E+11,2.92633E+11,2.92093E+11,3.16697E+11,2.66502E+11,2.84364E+11,2.7557E+11,3.2291E+11,3.55476E+11,3.87656E+11,4.1032E+11,4.15731E+11,4.527E+11,4.62147E+11,4.78965E+11,5.08069E+11,5.99593E+11,6.99689E+11,8.08901E+11,9.20317E+11,1.20111E+12,1.18695E+12,1.32394E+12,1.65662E+12,1.82305E+12,1.82764E+12,1.85672E+12,2.03539E+12,2.11175E+12,2.26352E+12
India,IND,Imports of goods and services (current US$),NE.IMP.GNFS.CD,2524559174,2331812747,2537129593,2853485141,3203361806,3096448218,3052813020,2974331116,2617837047,2350466495,2415646381,2689325595,2644280575,4029684054,5977952289,6530031017,6266084685,7593218815,9024354391,12468788519,17185368005,16545589068,16305101700,17099802142,16352793177,17734900122,17445341352,19431448918,22059460061,24076696407,27068347588,22887476747,27574767577,27354991285,33271248863,43216689535,45250757677,49490977677,53306090615,61170611045,64971207881,65065216525,78314209114,94848356578,1.38983E+11,1.83305E+11,2.29415E+11,3.02093E+11,3.50103E+11,3.46362E+11,4.48917E+11,5.66667E+11,5.71307E+11,5.27555E+11,5.2924E+11,4.69967E+11,4.67066E+11
India,IND,Exports of goods and services (current US$),NE.EXP.GNFS.CD,1647786571,1683380436,1752474410,2066537924,2097944275,1963902600,1894349461,2016651321,2137623813,2164211174,2354310804,2462553547,2869612866,3588431478,4794115595,5544282326,6847770619,7731682166,8644488582,10295672713,11405519012,11451496167,11973673454,12703450353,13291108211,12181130150,12899387364,15592154036,17846564186,20708945862,22572444953,22875165149,25410266170,27384893528,32265046187,38952670262,40681677283,44327025623,46288411827,52388145272,60697346482,60782221951,73234279967,90568215341,1.26271E+11,1.6036E+11,1.99379E+11,2.52325E+11,2.88043E+11,2.72938E+11,3.74237E+11,4.47384E+11,4.48401E+11,4.7218E+11,4.68331E+11,4.21152E+11,4.34064E+11
India,IND,"Population, total",SP.POP.TOTL,449480608,458494963,467852537,477527970,487484535,497702365,508161935,518889779,529967317,541505076,553578513,566224812,579411513,593058926,607050255,621301720,635771734,650485030,665502284,680915804,696783517,713118032,729868013,746949067,764245202,781666671,799181436,816792741,834489322,852270034,870133480,888054875,906021106,924057817,942204249,960482795,978893217,997405318,1015974042,1034539214,1053050912,1071477855,1089807112,1108027848,1126135777,1144118674,1161977719,1179681239,1197146906,1214270132,1230980691,1247236029,1263065852,1278562207,1293859294,1309053980,1324171354
India,IND,Population in largest city,EN.URB.LCTY,5652240,5775520,5893245,6013370,6136115,6261017,6388638,6518862,6651924,6787325,6925675,7078956,7273302,7472427,7677289,7887768,8104319,8326195,8554464,8788991,9030285,9249912,9419173,9670233,10024594,10390912,10771149,11165300,11574447,11997400,12436423,12852422,13202723,13561569,13930684,14309845,14699869,15099407,15510378,15932535,16366787,16753128,17030562,17504993,18079156,18670494,19282029,19913595,20566759,21239462,21935142,22653608,23395607,24161909,24953311,25703168,26453827
India,IND,GDP per capita (current US$),NY.GDP.PCAP.CD,81.28476375,84.42643693,88.9149186,100.0485917,114.315161,118.0633825,89.05358349,95.33078294,98.83123469,106.4963794,111.2575706,117.3607381,121.6922886,142.2700813,161.7630106,156.380095,159.4077985,184.2728749,203.5587046,221.6879474,263.8407198,267.7110103,271.3335961,288.3071697,273.9018266,293.4886471,307.395346,337.0639962,350.6727391,342.7238981,363.9640873,300.0966366,313.8601101,298.2176638,342.7175187,370.1013553,396.0146123,411.3877208,409.1943859,437.5861178,438.8646304,447.0138966,466.2008042,541.1352279,621.3183767,707.008019,792.0259698,1018.166373,991.4846304,1090.317765,1345.770153,1461.671957,1446.98541,1452.195373,1573.118089,1613.188708,1709.387921
Italy,ITA,GDP (current US$),NY.GDP.MKTP.CD,40385288344,44842760293,50383891899,57710743060,63175417019,67978153851,73654870011,81133120065,87942231678,97085082807,1.13021E+11,1.24261E+11,1.44781E+11,1.74913E+11,1.98906E+11,2.26945E+11,2.23976E+11,2.56747E+11,3.14019E+11,3.92379E+11,4.75683E+11,4.29282E+11,4.25863E+11,4.41581E+11,4.36443E+11,4.50726E+11,6.38274E+11,8.03055E+11,8.88668E+11,9.25598E+11,1.17733E+12,1.24211E+12,1.31581E+12,1.06145E+12,1.09559E+12,1.17079E+12,1.30893E+12,1.23905E+12,1.26631E+12,1.24856E+12,1.14176E+12,1.16232E+12,1.26651E+12,1.56965E+12,1.79831E+12,1.85266E+12,1.94263E+12,2.20305E+12,2.39073E+12,2.18516E+12,2.12506E+12,2.27629E+12,2.07282E+12,2.13049E+12,2.15173E+12,1.8249E+12,1.84997E+12
Italy,ITA,Exports of goods and services (current US$),NE.EXP.GNFS.CD,5047144628,5736466839,6383932340,7020447959,8097991291,9713521918,10826008276,11734429394,13403095880,15382275393,17191498141,19420359863,23692564409,28258450349,36960391188,42644522835,45035417306,55062866798,68287845083,88108913307,96321357224,93295682507,90222842949,90066439827,91959280912,95456831254,1.19755E+11,1.44873E+11,1.56697E+11,1.71925E+11,2.15644E+11,2.12266E+11,2.3071E+11,2.17201E+11,2.40365E+11,2.89764E+11,3.1104E+11,2.99854E+11,3.05468E+11,2.90297E+11,2.9295E+11,2.99085E+11,3.09943E+11,3.66682E+11,4.32727E+11,4.56712E+11,5.09513E+11,6.04236E+11,6.44649E+11,4.9115E+11,5.35264E+11,6.14743E+11,5.92545E+11,6.14915E+11,6.30598E+11,5.47806E+11,5.54705E+11
Italy,ITA,Imports of goods and services (current US$),NE.IMP.GNFS.CD,5194804038,5768145481,6653172244,8277784615,8031770137,8243744133,9580519684,10951837747,11672839922,14122467449,16931044610,18466162921,22522274900,31507892062,44447874070,42494411329,47508231682,52611410358,61700291353,83928132836,1.08719E+11,1.01688E+11,95631502076,87948513386,93816806811,97309696075,1.11775E+11,1.41592E+11,1.56282E+11,1.72088E+11,2.13294E+11,2.09833E+11,2.30097E+11,1.84825E+11,2.04219E+11,2.46749E+11,2.51575E+11,2.53776E+11,2.6703E+11,2.68125E+11,2.83348E+11,2.84494E+11,3.00495E+11,3.59574E+11,4.22258E+11,4.58759E+11,5.2576E+11,6.1215E+11,6.6351E+11,5.05483E+11,5.7711E+11,6.50488E+11,5.72068E+11,5.66796E+11,5.69203E+11,4.9469E+11,4.90678E+11
Italy,ITA,"Population, total",SP.POP.TOTL,50199700,50536350,50879450,51252000,51675350,52112350,52519000,52900500,53235750,53537950,53821850,54073490,54381345,54751406,55110868,55441001,55718260,55955411,56155143,56317749,56433883,56501675,56543548,56564074,56576718,56593071,56596155,56601931,56629288,56671781,56719240,56758521,56797087,56831821,56843400,56844303,56860281,56890372,56906744,56916317,56942108,56974100,57059007,57313203,57685327,57969484,58143979,58438310,58826731,59095365,59277417,59379449,59539717,60233948,60789140,60730582,60600590
Italy,ITA,Population in largest city,EN.URB.LCTY,2455581,2523274,2587008,2649872,2714352,2780218,2847776,2916976,2987956,3060460,3134828,3211003,3247377,3264905,3282552,3300294,3318157,3336067,3354099,3372228,3390480,3408780,3417369,3421394,3425431,3429460,3433500,3437545,3441600,3445649,3449708,3453772,3449336,3441227,3433126,3425045,3416971,3408938,3400913,3392908,3384910,3376952,3391374,3415851,3440539,3465336,3490347,3515539,3540947,3566468,3592209,3618135,3644285,3670624,3697153,3717956,3737750
Italy,ITA,GDP per capita (current US$),NY.GDP.PCAP.CD,804.4926233,887.3367446,990.2601522,1126.019337,1222.54454,1304.453817,1402.442354,1533.692877,1651.939377,1813.388126,2099.914303,2298.004545,2662.326357,3194.679293,3609.201208,4093.44662,4019.795878,4588.414364,5591.991448,6967.227798,8429.023181,7597.688826,7531.597653,7806.739036,7714.185232,7964.328666,11277.69171,14187.7743,15692.72629,16332.60955,20757.08875,21884.10445,23166.80415,18676.95264,19273.84424,20596.38865,23020.09914,21779.62444,22252.35771,21936.8226,20051.2426,20400.8109,22196.50736,27387.2258,31174.56118,31959.26215,33410.7482,37698.78573,40640.18465,36976.84512,35849.37364,38334.68477,34814.12436,35370.27441,35396.66517,30049.14755,30527.2682
Mexico,MEX,GDP (current US$),NY.GDP.MKTP.CD,13056168000,14153952000,15221056000,16936336000,20070136000,21829712000,24337232000,26556376000,29363632000,32515752000,35541712000,39200880000,45178120000,55271304000,71976544000,88003984000,89023915584,81825783186,1.02517E+11,1.3454E+11,1.94357E+11,2.50083E+11,1.73721E+11,1.48867E+11,1.75632E+11,1.84473E+11,1.2944E+11,1.40264E+11,1.83144E+11,2.22977E+11,2.6271E+11,3.14454E+11,3.63609E+11,5.03963E+11,5.27319E+11,3.43793E+11,3.97404E+11,4.80555E+11,5.0201E+11,5.7946E+11,6.83648E+11,7.24704E+11,7.4156E+11,7.13284E+11,7.70268E+11,8.66346E+11,9.65281E+11,1.04347E+12,1.10128E+12,8.94949E+11,1.05113E+12,1.17119E+12,1.1866E+12,1.26198E+12,1.2984E+12,1.15104E+12,1.046E+12
Mexico,MEX,Imports of goods and services (current US$),NE.IMP.GNFS.CD,1520944000,1503120000,1536528000,1688128000,1978568000,2079752000,2192168000,2392912000,2746232000,3011216000,3430408000,3417960000,3991120000,5232144000,7612160000,8465680000,8784409091,8363203540,11315763158,16754179825,25215695652,32350081633,17920283688,14024762698,16777514899,19063168548,17389311867,18775671165,33950973120,42503284583,51767986205,60602974424,73709195127,69669686417,84163224793,71983639437,95359265205,1.15762E+11,1.30659E+11,1.49426E+11,1.83589E+11,1.80335E+11,1.84712E+11,1.87873E+11,2.15619E+11,2.42652E+11,2.78522E+11,3.05989E+11,3.32287E+11,2.57337E+11,3.26637E+11,3.80779E+11,4.00635E+11,4.12197E+11,4.33209E+11,4.26992E+11,4.18276E+11
Mexico,MEX,Exports of goods and services (current US$),NE.EXP.GNFS.CD,1109120000,1191208000,1302504000,1411096000,1532720000,1667320000,1816952000,1824072000,2066336000,2451096000,2754440000,2995040000,3643200000,4650160000,6054240000,6067120000,7558155844,8442477876,10732745614,15056293860,20806478261,26030530612,26633315603,28288293089,30526865316,28436329311,22445889179,27348987810,36496759052,42358817388,48866100761,51459972502,55406026689,61187516048,70326131078,86544700439,1.06221E+11,1.21248E+11,1.29262E+11,1.47656E+11,1.7964E+11,1.7135E+11,1.73989E+11,1.7758E+11,2.0207E+11,2.30168E+11,2.66428E+11,2.89465E+11,3.07236E+11,2.44146E+11,3.13989E+11,3.66164E+11,3.87365E+11,4.01082E+11,4.19207E+11,4.04429E+11,3.99126E+11
Mexico,MEX,"Population, total",SP.POP.TOTL,38174112,39394126,40649588,41939880,43264272,44623043,46011038,47429812,48894019,50423481,52029861,53718724,55478151,57280587,59088193,60872399,62623763,64345884,66039488,67709689,69360871,70992195,72602533,74196548,75780605,77360707,78934125,80503052,82083919,83697891,85357874,87071512,88828310,90600453,92349147,94045579,95687452,97281739,98821456,100300579,101719673,103067068,104355608,105640453,106995583,108472228,110092378,111836346,113661809,115505228,117318941,119090017,120828307,122535969,124221600,125890949,127540423
Mexico,MEX,Population in largest city,EN.URB.LCTY,5479184,5748913,6032320,6329698,6642176,6969157,7312719,7673217,8052021,8448405,8830947,9182417,9548389,9927879,10323007,10733860,11161666,11605274,12067162,12547433,13027620,13268385,13513942,13764043,14019126,14278216,14542461,14811597,15086094,15364903,15642318,15908157,16178890,16453467,16733092,17017469,17307081,17600805,17899928,18204136,18457027,18617824,18780246,18944086,19109583,19276065,19444230,19613862,19785210,19957578,20131688,20307317,20484478,20663185,20843450,20998543,21157173
Mexico,MEX,GDP per capita (current US$),NY.GDP.PCAP.CD,342.0162858,359.2909258,374.4455171,403.8241407,463.8963069,489.2026749,528.9433375,559.908945,600.5567266,644.8533769,683.1021901,729.74332,814.3407663,964.9220948,1218.120581,1445.712432,1421.56765,1271.655281,1552.365938,1987.017317,2802.110517,3522.683309,2392.765705,2006.385943,2317.639947,2384.584027,1639.850882,1742.339898,2231.183287,2664.069946,3077.745071,3611.444014,4093.393831,5562.475854,5710.055487,3655.597592,4153.147901,4939.823744,5079.972214,5777.231681,6720.902113,7031.378864,7106.082019,6751.998987,7199.059665,7986.798439,8767.920258,9330.341687,9689.052887,7748.123301,8959.581416,9834.472689,9820.532572,10298.86766,10452.27766,9143.128494,8201.306253
Netherlands,NLD,GDP (current US$),NY.GDP.MKTP.CD,12276734172,13493833740,14647057370,15891241386,18699380731,21000586933,22867203317,25087562181,27817605743,31503868835,37677621538,44010160464,54008338918,70924006306,86129928027,98970041042,1.07775E+11,1.25396E+11,1.5387E+11,1.77376E+11,1.92661E+11,1.62039E+11,1.56457E+11,1.51487E+11,1.42076E+11,1.4201E+11,1.98298E+11,2.41919E+11,2.58568E+11,2.5504E+11,3.14268E+11,3.2332E+11,3.5833E+11,3.49038E+11,3.74291E+11,4.46529E+11,4.45705E+11,4.12199E+11,4.32476E+11,4.41975E+11,4.12807E+11,4.26574E+11,4.65369E+11,5.71863E+11,6.50533E+11,6.78534E+11,7.26649E+11,8.3942E+11,9.36228E+11,8.57933E+11,8.3639E+11,8.93757E+11,8.28947E+11,8.6668E+11,8.79635E+11,7.50318E+11,7.70845E+11
Netherlands,NLD,Exports of goods and services (current US$),NE.EXP.GNFS.CD,6002580391,6289121521,6729239599,7315166178,8341973000,8990516464,9524528796,10152342093,11387867501,13375537336,16365834662,19233414286,23579612538,32429213070,43689383966,47320588097,52688337806,58005185059,67955377063,85473051631,97803050543,89555170361,86486566394,83263454868,83535520742,85650311438,1.01394E+11,1.20446E+11,1.34688E+11,1.4131E+11,1.72173E+11,1.79393E+11,1.92566E+11,1.84888E+11,2.06267E+11,2.5725E+11,2.56929E+11,2.50129E+11,2.58337E+11,2.66248E+11,2.74488E+11,2.72254E+11,2.82715E+11,3.41456E+11,4.13321E+11,4.52016E+11,5.03415E+11,5.89891E+11,6.70738E+11,5.41823E+11,6.01816E+11,6.91379E+11,6.79208E+11,7.10766E+11,7.26274E+11,6.18737E+11,6.22914E+11
Netherlands,NLD,Imports of goods and services (current US$),NE.IMP.GNFS.CD,5769273577,6268747831,6668717860,7423212392,8729717192,9027244796,9731674619,10258826766,11264073716,13285914197,16369937177,18530541792,21310838163,28993954359,39452307894,42656216975,47816021920,55016591003,65718299246,83086391190,95505825648,81256498543,77866587274,76339298819,74330164148,77763054804,92208475355,1.12193E+11,1.25172E+11,1.30519E+11,1.56451E+11,1.62196E+11,1.74809E+11,1.6224E+11,1.81061E+11,2.2668E+11,2.29463E+11,2.23417E+11,2.31853E+11,2.42626E+11,2.47515E+11,2.43843E+11,2.51111E+11,3.02775E+11,3.61777E+11,3.93124E+11,4.39964E+11,5.15809E+11,5.89974E+11,4.7895E+11,5.31869E+11,6.15055E+11,5.99616E+11,6.18066E+11,6.30902E+11,5.37856E+11,5.38965E+11
Netherlands,NLD,"Population, total",SP.POP.TOTL,11486631,11638712,11805689,11965966,12127120,12294732,12456251,12598201,12729721,12877984,13038526,13194497,13328593,13439322,13545056,13666335,13774037,13856185,13941700,14038270,14149800,14247208,14312690,14367070,14424211,14491632,14572278,14665037,14760094,14848907,14951510,15069798,15184166,15290368,15382838,15459006,15530498,15610650,15707209,15812088,15925513,16046180,16148929,16225302,16281779,16319868,16346101,16381696,16445593,16530388,16615394,16693074,16754962,16804432,16865008,16939923,17018408
Netherlands,NLD,Population in largest city,EN.URB.LCTY,937458,943852,950298,956788,963331,967143,968171,969201,970234,971264,967479,958853,951394,963589,975958,978461,970850,963318,955834,948408,940603,932455,924367,922076,925462,929244,933448,937670,941918,946174,951473,957845,964269,970717,980378,987823,991148,994475,997818,1001173,1004643,1008217,1011808,1015413,1019035,1024041,1030491,1036981,1043521,1050084,1056698,1063354,1070051,1076791,1083573,1090772,1098684
Netherlands,NLD,GDP per capita (current US$),NY.GDP.PCAP.CD,1068.784587,1159.392357,1240.677894,1328.036649,1541.947365,1708.096356,1835.801424,1991.360686,2185.248659,2446.335454,2889.714799,3335.493613,4052.06603,5277.350026,6358.772384,7241.886068,7824.532711,9049.812484,11036.70732,12635.19573,13615.83707,11373.41269,10931.33842,10544.0459,9849.821967,9799.443038,13607.92719,16496.29599,17518.02876,17175.64537,21019.12567,21454.86289,23598.95076,22827.30004,24331.75402,28884.71352,28698.66602,26404.98673,27533.60679,27951.73429,25921.12794,26584.12169,28817.32321,35245.16407,39954.64222,41577.16009,44453.97119,51241.31562,56928.82048,51900.34009,50338.25483,53540.60536,49474.70561,51574.48942,52157.40687,44292.88473,45294.78
Spain,ESP,GDP (current US$),NY.GDP.MKTP.CD,12072126075,13834300571,16138545209,19074913948,21343844644,24756958695,28721062242,31647119228,31475548481,36038711600,40881655099,46492797365,58971806627,78425934894,97009800115,1.14465E+11,1.18185E+11,1.3209E+11,1.60163E+11,2.14019E+11,2.32135E+11,2.02257E+11,1.95464E+11,1.70487E+11,1.71635E+11,1.80302E+11,2.50638E+11,3.17882E+11,3.75139E+11,4.13631E+11,5.35101E+11,5.75599E+11,6.29202E+11,5.23649E+11,5.29122E+11,6.1294E+11,6.40998E+11,5.88692E+11,6.17042E+11,6.33194E+11,5.95403E+11,6.25976E+11,7.05146E+11,9.06853E+11,1.06956E+12,1.15728E+12,1.26455E+12,1.47934E+12,1.63499E+12,1.49907E+12,1.43159E+12,1.48802E+12,1.33595E+12,1.36178E+12,1.37586E+12,1.19296E+12,1.23209E+12
Spain,ESP,Exports of goods and services (current US$),NE.EXP.GNFS.CD,1010042253,1102919716,1340088892,1471112408,1880768224,2028377185,2554121089,2706181740,3326528831,4084235531,4982981935,6079326467,7904028475,10497629069,12851749351,14233974493,14923456603,17588280832,22336615885,29470230045,33333052680,33092456479,33343434499,32676952436,36739040261,37800134442,45828335987,56614462067,65220896872,69002001124,84547320927,91153749079,1.02341E+11,93177437966,1.07986E+11,1.34429E+11,1.48189E+11,1.5161E+11,1.61561E+11,1.67146E+11,1.70381E+11,1.74411E+11,1.86702E+11,2.3077E+11,2.69302E+11,2.85474E+11,3.14519E+11,3.80305E+11,4.13929E+11,3.39897E+11,3.65339E+11,4.30351E+11,4.10158E+11,4.38756E+11,4.49456E+11,3.95796E+11,4.0742E+11
Spain,ESP,Imports of goods and services (current US$),NE.IMP.GNFS.CD,833136311.9,1189957607,1633079904,2056286551,2429704295,3254542782,3893500156,3760819358,3966047696,4731368828,5584919182,5975692695,8144948227,11570563678,17918337468,19085788986,20650048744,20972103834,22127555773,30179158404,40002154560,38540617048,38132871271,35202582715,34660785448,35985561937,42891188903,58982195257,72658897158,85773218412,1.06179E+11,1.13249E+11,1.24251E+11,1.00537E+11,1.12634E+11,1.40354E+11,1.48776E+11,1.50343E+11,1.64633E+11,1.79452E+11,1.88276E+11,1.89119E+11,2.01007E+11,2.50872E+11,3.1053E+11,3.43333E+11,3.89321E+11,4.68932E+11,4.97722E+11,3.57142E+11,3.84021E+11,4.34009E+11,3.90534E+11,3.94421E+11,4.16194E+11,3.66577E+11,3.71565E+11
Spain,ESP,"Population, total",SP.POP.TOTL,30455000,30739250,31023366,31296651,31609195,31954292,32283194,32682947,33113134,33441054,33814531,34224490,34604469,34988947,35373335,35757900,36137812,36511638,36864898,37191330,37491165,37758631,37986012,38171525,38330364,38469512,38584624,38684815,38766939,38827764,38867322,38966376,39157685,39361262,39549108,39724050,39889852,40057389,40223509,40386875,40567864,40850412,41431558,42187645,42921895,43653155,44397319,45226803,45954106,46362946,46576897,46742697,46773055,46620045,46480882,46447697,46443959
Spain,ESP,Population in largest city,EN.URB.LCTY,2467926,2551331,2641036,2733895,2830154,2929523,3032526,3139150,3257310,3386432,3520861,3622328,3687608,3753879,3821436,3890208,3960315,4031487,4104040,4177898,4253190,4307781,4319441,4331133,4342874,4354613,4366400,4378220,4390088,4401955,4413870,4441776,4502102,4563078,4624965,4687691,4751357,4815708,4881022,4947221,5014411,5082325,5154674,5229816,5306159,5383402,5461879,5541499,5622392,5704239,5787392,5871758,5957472,6044437,6132672,6199254,6263907
Spain,ESP,GDP per capita (current US$),NY.GDP.PCAP.CD,396.3922533,450.0532892,520.2061314,609.4873841,675.2416391,774.7616093,889.659872,968.3067818,950.5457406,1077.6787,1208.996662,1358.465747,1704.167361,2241.448847,2742.455585,3201.119201,3270.405729,3617.737759,4344.606706,5754.542183,6191.714945,5356.577832,5145.694384,4466.336264,4477.793724,4686.891069,6495.811997,8217.234257,9676.769252,10652.95797,13767.38147,14771.6723,16068.42672,13303.67613,13378.84984,15429.93942,16069.20709,14696.21611,15340.33211,15678.21523,14676.70609,15323.6114,17019.53541,21495.70741,24918.64584,26510.71745,28482.60948,32709.40104,35578.73619,32333.4661,30736.00228,31834.21816,28562.29324,29210.09342,29600.47225,25683.84565,26528.49179
Turkey,TUR,GDP (current US$),NY.GDP.MKTP.CD,13995067818,8022222222,8922222222,10355555556,11177777778,11944444444,14122222222,15666666667,17500000000,19466666667,17086956522,16256619964,20431095406,25724381625,35599913836,44633707243,51280134554,58676813687,65147022486,89394085658,68789289566,71040020140,64546332581,61678280115,59989909458,67234948265,75728009963,87172789528,90852814005,1.07143E+11,1.50676E+11,1.50028E+11,1.58459E+11,1.8017E+11,1.3069E+11,1.69486E+11,1.81476E+11,1.89835E+11,2.75769E+11,2.55884E+11,2.72979E+11,2.00254E+11,2.38424E+11,3.11826E+11,4.04776E+11,5.01423E+11,5.52505E+11,6.75754E+11,7.64323E+11,6.44657E+11,7.71877E+11,8.32546E+11,8.73982E+11,9.50596E+11,9.34168E+11,8.59384E+11,8.57749E+11
Turkey,TUR,Imports of goods and services (current US$),NE.IMP.GNFS.CD,513769009.5,544444444.4,711111111.1,722222222.2,611111111.1,644444444.4,800000000,777777777.8,888888888.9,922222222.2,1086956522,1340752162,1745583039,2339222615,4013786171,5013156073,5469382670,6282635263,4748373281,5257907777,8205107972,9167498359,9692838643,10212590427,11802116287,12751947860,12193740641,15479659811,15947270362,19050893631,26485716695,24956952381,27484942029,34850745455,26639520270,41271567686,50498579853,57688103357,54343007288,48167046323,61561836212,45699812606,54837127571,72837360161,1.02689E+11,1.22444E+11,1.46418E+11,1.76165E+11,2.06979E+11,1.50584E+11,1.96446E+11,2.53099E+11,2.49766E+11,2.66909E+11,2.58295E+11,2.23077E+11,2.14632E+11
Turkey,TUR,Exports of goods and services (current US$),NE.EXP.GNFS.CD,287710645.3,411111111.1,500000000,433333333.3,500000000,544444444.4,577777777.8,644444444.4,644444444.4,700000000,756521739.1,864785144.5,1229681979,1809187279,2039204423,1973410885,2491746091,2238640151,2701589655,2876725553,3550856151,5851518176,7657810068,7693263017,9362386822,10663948826,10081244162,13582253229,16947657046,17360346518,20138041278,20765547619,22805811594,24636054545,27918206081,33713478166,39094658477,46664617512,56721035673,47537824737,53091138836,53223378462,58320143839,69359861150,92088562200,1.05388E+11,1.1962E+11,1.43397E+11,1.74466E+11,1.45523E+11,1.5784E+11,1.85345E+11,2.06848E+11,2.11719E+11,2.21999E+11,2.00504E+11,1.89207E+11
Turkey,TUR,"Population, total",SP.POP.TOTL,27472331,28146893,28832805,29531342,30244232,30972965,31717477,32477961,33256432,34055361,34876267,35720568,36587225,37472298,38370241,39277211,40189511,41108248,42039935,42993991,43975921,44988356,46025357,47073422,48114105,49133883,50128489,51100878,52053704,52992429,53921699,54840531,55748875,56653729,57564132,58486381,59423208,60372499,61329590,62287326,63240121,64191474,65143054,66085803,67007855,67903406,68763405,69597281,70440032,71339185,72326914,73409455,74569867,75787333,77030628,78271472,79512426
Turkey,TUR,Population in largest city,EN.URB.LCTY,1453353,1534902,1640147,1752608,1872951,2001192,2136617,2280326,2433920,2597394,2772095,2931066,3085926,3248509,3419899,3600332,3759125,3909144,4065369,4227838,4397037,4580127,4774228,4976556,5187754,5407297,5623536,5842560,6070435,6306534,6552160,6773134,6986256,7205470,7431880,7665403,7906601,8154694,8367184,8553323,8743868,9036346,9384889,9746876,10123352,10513274,10918784,11339935,11777944,12231596,12703384,13122354,13429473,13689079,13953703,14163989,14365329
Turkey,TUR,GDP per capita (current US$),NY.GDP.PCAP.CD,509.4241118,285.0127089,309.4469034,350.6632227,369.5837863,385.6409757,445.2504915,482.378394,526.2139967,571.6182737,489.930775,455.1053041,558.421564,686.4906344,927.8001104,1136.376695,1275.958161,1427.373253,1549.646128,2079.222784,1564.24898,1579.075709,1402.408081,1310.256988,1246.825842,1368.402906,1510.678089,1705.89612,1745.366939,2021.861437,2794.353551,2735.710807,2842.373598,3180.192011,2270.340362,2897.870208,3053.950828,3144.389453,4496.503169,4108.127878,4316.553895,3119.637106,3660.00507,4718.501291,6040.72953,7384.354661,8034.869161,9709.490246,10850.68975,9036.499911,10672.05693,11341.13395,11720.30843,12542.93565,12127.22522,10979.52569,10787.60934
United Kingdom,GBR,GDP (current US$),NY.GDP.MKTP.CD,72328047042,76694360636,80601939635,85443766670,93387598814,1.00596E+11,1.07091E+11,1.11185E+11,1.04703E+11,1.12677E+11,1.30672E+11,1.48114E+11,1.69965E+11,1.92538E+11,2.06131E+11,2.41757E+11,2.32615E+11,2.63066E+11,3.35883E+11,4.38994E+11,5.64948E+11,5.40766E+11,5.15049E+11,4.89618E+11,4.61487E+11,4.89285E+11,6.01453E+11,7.45163E+11,9.10123E+11,9.26885E+11,1.09317E+12,1.1428E+12,1.17966E+12,1.06139E+12,1.14049E+12,1.32026E+12,1.39298E+12,1.53709E+12,1.62356E+12,1.65217E+12,1.63544E+12,1.61303E+12,1.75757E+12,2.02849E+12,2.389E+12,2.5081E+12,2.67828E+12,3.06301E+12,2.87546E+12,2.36713E+12,2.42968E+12,2.60882E+12,2.646E+12,2.71951E+12,2.99883E+12,2.86109E+12,2.61889E+12
United Kingdom,GBR,Imports of goods and services (current US$),NE.IMP.GNFS.CD,15617572733,15522854822,15815127026,16851607900,19076116871,19509114056,20239775212,21697473493,22507195655,23743551743,26828445644,29774732538,34504137363,46685932141,63857762973,64126880531,66313738185,74566926042,87738219559,1.1603E+11,1.35048E+11,1.22508E+11,1.19574E+11,1.18794E+11,1.24612E+11,1.28219E+11,1.49716E+11,1.8442E+11,2.24473E+11,2.36287E+11,2.66734E+11,2.54225E+11,2.70075E+11,2.58938E+11,2.88196E+11,3.31995E+11,3.59871E+11,3.8582E+11,4.01262E+11,4.18489E+11,4.39262E+11,4.37852E+11,4.69089E+11,5.28273E+11,6.25624E+11,6.86982E+11,7.83636E+11,8.41507E+11,8.58436E+11,6.74459E+11,7.52357E+11,8.39629E+11,8.47449E+11,8.70587E+11,9.01514E+11,8.36052E+11,7.85359E+11
United Kingdom,GBR,Exports of goods and services (current US$),NE.EXP.GNFS.CD,14616021507,15258543541,15655395385,16511191129,17491172418,18622333929,20082873495,20542668837,21672959116,24206781923,27888763619,31731259431,34324169580,42299092847,54108026180,60102093142,63771531357,76391739055,92087246980,1.17635E+11,1.47171E+11,1.37506E+11,1.29216E+11,1.23456E+11,1.24396E+11,1.33577E+11,1.46245E+11,1.77678E+11,1.95434E+11,2.03257E+11,2.47013E+11,2.50102E+11,2.61916E+11,2.55276E+11,2.88063E+11,3.35772E+11,3.62373E+11,3.92087E+11,3.88162E+11,3.9233E+11,4.08336E+11,4.00271E+11,4.19711E+11,4.78663E+11,5.60818E+11,6.20615E+11,7.1719E+11,7.61591E+11,7.73529E+11,6.20938E+11,6.86544E+11,7.96274E+11,7.88474E+11,8.09245E+11,8.41911E+11,7.90542E+11,7.35641E+11
United Kingdom,GBR,"Population, total",SP.POP.TOTL,52400000,52800000,53250000,53650000,54000000,54348050,54648500,54943600,55211700,55441750,55663250,55896223,56086065,56194527,56229974,56225800,56211968,56193492,56196504,56246951,56314216,56333829,56313641,56332848,56422072,56550268,56681396,56802050,56928327,57076711,57247586,57424897,57580402,57718614,57865745,58019030,58166950,58316954,58487141,58682466,58892514,59119673,59370479,59647577,59987905,60401206,60846820,61322463,61806995,62276270,62766365,63258918,63700300,64128226,64613160,65128861,65637239
United Kingdom,GBR,Population in largest city,EN.URB.LCTY,8195769,8168112,8092157,8016909,7942259,7868506,7795337,7722850,7650937,7579890,7509405,7456444,7478847,7501254,7523760,7546334,7569006,7591684,7614461,7637306,7660252,7687191,7727056,7767128,7807463,7847896,7888594,7929504,7970682,8011960,8053510,8098491,8154144,8210025,8266366,8323094,8380291,8437721,8495625,8553927,8612709,8679959,8787667,8896713,9007264,9118879,9232035,9346594,9462736,9579995,9698872,9819224,9941069,10064427,10189315,10313307,10434035
United Kingdom,GBR,GDP per capita (current US$),NY.GDP.PCAP.CD,1380.306241,1452.544709,1513.651449,1592.614477,1729.399978,1850.954769,1959.62783,2023.627564,1896.386749,2032.34701,2347.544318,2649.801514,3030.432514,3426.276221,3665.862798,4299.745618,4138.167788,4681.439932,5976.938169,7804.762081,10032.06208,9599.306222,9146.077357,8691.518813,8179.194441,8652.216542,10611.11221,13118.58653,15987.16808,16239.2822,19095.467,19900.72665,20487.17079,18389.01957,19709.2381,22755.56212,23947.95875,26357.52719,27759.33421,28154.37126,27769.93125,27284.22404,29603.46576,34007.88876,39824.76181,41524.06554,44016.72641,49949.15488,46523.26545,38010.10045,38709.91166,41240.42486,41538.30726,42407.37101,46412.11727,43929.69081,39899.38839