country,donated,received,code,latitude,longitude
Australia,13286053396.0,970775.0,AU,-25.274398,133.775136
Austria,2507085547.0,487104.0,AT,47.516231,14.550072
Belgium,5596981954.0,,BE,50.503887,4.469936
Brazil,35961467.0,13681244236.0,BR,-14.235004,-51.92528
Canada,12226218107.0,55468.0,CA,56.130366,-106.34677099999999
Chile,7848274.0,1828171242.0,CL,-35.675146999999996,-71.542969
Colombia,462892.0,14392492459.0,CO,4.570868,-74.297333
Cyprus,3817317.0,35077473.0,CY,35.126413,33.429859
Czech Republic,118744754.0,65812802.0,CZ,49.817492,15.472961999999999
Denmark,6383583389.0,,DK,56.26392,9.501785
Estonia,16389113.0,21301837.0,EE,58.595271999999994,25.013607
Finland,3071353438.0,37777.0,FI,61.92411,25.748151
France,29092749551.0,,FR,46.227638,2.213749
Germany,35565815541.0,60164.0,DE,51.165690999999995,10.451526
Greece,1284935587.0,,GR,39.074208,21.824312
Hungary,11422719.0,62855298.0,HU,47.162494,19.503304
Iceland,24947133.0,,IS,64.96305100000001,-19.020835
India,1103385188.0,15475443698.0,IN,20.593684,78.96288
Ireland,2239739600.0,,IE,53.41291,-8.243889999999999
Italy,4015425375.0,,IT,41.87194,12.56738
Japan,36174918309.0,,JP,36.204824,138.252924
Kuwait,1318568433.0,44174772.0,KW,29.311659999999996,47.481766
Latvia,866508.0,175625737.0,LV,56.879635,24.603189
Liechtenstein,13249523.0,66713.0,LI,47.166000000000004,9.555373
Lithuania,5081189.0,51307738.0,LT,55.169438,23.881275
Luxembourg,1003069920.0,,LU,49.815273,6.129583
Monaco,1856117.0,,MC,43.750298,7.412841
Netherlands,17533469099.0,,NL,52.132633,5.291266
New Zealand,1326268959.0,,NZ,-40.900557,174.88597099999998
Norway,14966713273.0,,NO,60.472024,8.468946
Poland,124760524.0,4407003363.0,PL,51.919438,19.145135999999997
Portugal,1096676676.0,,PT,39.399871999999995,-8.224454
Qatar,57817562.0,304184466.0,QA,25.354826,51.183884
Romania,4570642.0,2024131211.0,RO,45.943160999999996,24.96676
Saudi Arabia,809508347.0,272576452.0,SA,23.885942,45.079162
Slovenia,20908843.0,18781854.0,SI,46.151241,14.995463
South Africa,134299019.0,2502374758.0,ZA,-30.559482,22.937506
Spain,8273849835.0,,ES,40.463667,-3.7492199999999998
Sweden,12300439818.0,,SE,60.128161,18.643501
Switzerland,9494028526.0,97503.0,CH,46.818188,8.227511999999999
Taiwan,50352936.0,13508765.0,TW,23.69781,120.96051499999999
Thailand,3577921.0,1859542676.0,TH,15.870032,100.992541
United Arab Emirates,632890157.0,2605343.0,AE,23.424076,53.847818000000004
United Kingdom,14734424184.0,,GB,55.378051,-3.435973
United States,97688346194.0,59063735.0,US,37.09024,-95.712891
Afghanistan,,18732324225.0,AF,33.93911,67.709953
Albania,,1650341469.0,AL,41.153332,20.168331
Algeria,,2491991250.0,DZ,28.033886,1.6596259999999998
Angola,,1346191360.0,AO,-11.202691999999999,17.873887
Anguilla,,63733379.0,AI,18.220554,-63.068615
Argentina,,6326022835.0,AR,-38.416097,-63.616671999999994
Armenia,,1712138144.0,AM,40.069099,45.038189
Aruba,,6846795.0,AW,12.52111,-69.968338
Azerbaijan,,1079687963.0,AZ,40.143105,47.576927000000005
Bahamas,,131495476.0,BS,25.03428,-77.39628
Bahrain,,37663450.0,BH,25.930414000000003,50.637772
Bangladesh,,5326104403.0,BD,23.684994,90.35633100000001
Barbados,,130180184.0,BB,13.193887,-59.543198
Belarus,,712054489.0,BY,53.709807,27.953389
Belize,,201881393.0,BZ,17.189877,-88.49765
Benin,,1399743063.0,BJ,9.30769,2.315834
Bhutan,,392855759.0,BT,27.514162,90.433601
Bolivia,,3015017087.0,BO,-16.290154,-63.588653
Botswana,,1861800852.0,BW,-22.328474,24.684866
Brunei,,281705.0,BN,4.535277,114.72766899999999
Bulgaria,,856373192.0,BG,42.733883,25.48583
Burkina Faso,,1968909244.0,BF,12.238333,-1.561593
Burundi,,1327061464.0,BI,-3.3730559999999996,29.918885999999997
Cambodia,,2160785591.0,KH,12.565679,104.990963
Cameroon,,2253317851.0,CM,7.369722,12.354722
Cape Verde,,567149859.0,CV,16.002082,-24.013197
Central African Republic,,717415876.0,CF,6.611111,20.939444
Chad,,1882348063.0,TD,15.454166,18.732207
China,,15167959288.0,CN,35.86166,104.195397
Comoros,,221909513.0,KM,-11.875001,43.872219
Cook Islands,,58911166.0,CK,-21.236735999999997,-159.777671
Costa Rica,,1596547937.0,CR,9.748917,-83.753428
Croatia,,1191298926.0,HR,45.1,15.2
Cuba,,438708751.0,CU,21.521757,-77.78116700000001
Djibouti,,402242488.0,DJ,11.825138,42.590275
Dominica,,40344056.0,DM,15.414999,-61.370976
Dominican Republic,,1465718536.0,DO,18.735692999999998,-70.162651
Ecuador,,2630990841.0,EC,-1.8312389999999998,-78.183406
Egypt,,2802322275.0,EG,26.820553000000004,30.802497999999996
El Salvador,,1603895630.0,SV,13.794185,-88.89653
Equatorial Guinea,,106667649.0,GQ,1.6508009999999997,10.267895
Eritrea,,452019806.0,ER,15.179383999999999,39.782334000000006
Ethiopia,,4970601677.0,ET,9.145,40.489672999999996
Fiji,,468169619.0,FJ,-16.578193,179.414413
French Polynesia,,1357033.0,PF,-17.679742,-149.40684299999998
Gabon,,741331045.0,GA,-0.803689,11.609444
Gambia,,182042455.0,GM,13.443182,-15.310139000000001
Georgia,,2651939676.0,GE,42.315407,43.356891999999995
Ghana,,2627350781.0,GH,7.946527000000001,-1.0231940000000002
Grenada,,53489458.0,GD,12.262775999999999,-61.604170999999994
Guatemala,,2610924265.0,GT,15.783470999999999,-90.23075899999999
Guinea,,881432457.0,GN,9.945587,-9.696645
Guinea-Bissau,,324719595.0,GW,11.803749,-15.180413
Guyana,,245768109.0,GY,4.860416000000001,-58.93018000000001
Haiti,,3964827816.0,HT,18.971187,-72.28521500000001
Honduras,,1603076606.0,HN,15.199998999999998,-86.241905
Indonesia,,19586879271.0,ID,-0.789275,113.921327
Iran,,1250318001.0,IR,32.427908,53.68804599999999
Iraq,,18119292318.0,IQ,33.223191,43.679291
Israel,,25386350.0,IL,31.046051000000002,34.851612
Jamaica,,673839668.0,JM,18.109581,-77.297508
Jordan,,4170873608.0,JO,30.585164000000002,36.238414
Kazakhstan,,3657673666.0,KZ,48.019573,66.923684
Kenya,,3696122569.0,KE,-0.023559,37.906193
Kiribati,,104659380.0,KI,-3.3704169999999998,-168.734039
Kosovo,,1667451882.0,XK,42.602636,20.902977
Laos,,873347559.0,LA,19.856270000000002,102.495496
Lebanon,,2990093077.0,LB,33.854721000000005,35.862285
Lesotho,,288948550.0,LS,-29.609988,28.233608
Liberia,,1456826793.0,LR,6.4280550000000005,-9.429499
Libya,,436234529.0,LY,26.3351,17.228331
Madagascar,,1607721941.0,MG,-18.766947000000002,46.869107
Malawi,,1857670339.0,MW,-13.254307999999998,34.301525
Malaysia,,1309543063.0,MY,4.210483999999999,101.97576600000001
Maldives,,223597885.0,MV,3.202778,73.22068
Mali,,2164263210.0,ML,17.570692,-3.9961660000000006
Malta,,19011689.0,MT,35.937496,14.375416
Marshall Islands,,403941786.0,MH,7.131474000000001,171.184478
Mauritania,,867599270.0,MR,21.00789,-10.940835
Mauritius,,1256918393.0,MU,-20.348404000000002,57.552152
Mayotte,,60889247.0,YT,-12.8275,45.166244
Mexico,,37331720630.0,MX,23.634501,-102.552784
Moldova,,1138205965.0,MD,47.411631,28.369884999999996
Mongolia,,1411517916.0,MN,46.862496,103.84665600000001
Montenegro,,293451655.0,ME,42.708678000000006,19.37439
Montserrat,,183878271.0,MS,16.742498,-62.187366000000004
Morocco,,5407289491.0,MA,31.791702,-7.09262
Mozambique,,2677463509.0,MZ,-18.665695,35.529562
Namibia,,388792059.0,,-22.957639999999998,18.49041
Nauru,,101094164.0,NR,-0.522778,166.931503
Nepal,,2068360207.0,NP,28.394857000000002,84.12400799999999
Netherlands Antilles,,37483966.0,AN,12.226078999999999,-69.060087
New Caledonia,,16685362.0,NC,-20.904304999999997,165.618042
Nicaragua,,1508414498.0,NI,12.865416,-85.207229
Niger,,1527020851.0,NE,17.607789,8.081666
Nigeria,,3651896060.0,NG,9.081999,8.675277000000001
Niue,,38949145.0,NU,-19.054445,-169.867233
Oman,,47546960.0,OM,21.512583,55.923255000000005
Pakistan,,14966754178.0,PK,30.375321000000003,69.345116
Palau,,175891547.0,PW,7.51498,134.58252
Panama,,1405215936.0,PA,8.537981,-80.782127
Papua New Guinea,,2733736741.0,PG,-6.314993,143.95555
Paraguay,,882454238.0,PY,-23.442503,-58.44383199999999
Peru,,4808495958.0,PE,-9.189967,-75.015152
Philippines,,7845752475.0,PH,12.879721,121.77401699999999
Russia,,1179505676.0,RU,61.52401,105.31875600000001
Rwanda,,1640126925.0,RW,-1.940278,29.873888
Samoa,,338934620.0,WS,-13.759029,-172.10462900000002
Senegal,,2427283423.0,SN,14.497401000000002,-14.452361999999999
Serbia,,4624129451.0,RS,44.016521000000004,21.005859
Seychelles,,108543258.0,SC,-4.679574,55.491977
Sierra Leone,,1231593878.0,SL,8.460555000000001,-11.779889
Singapore,,7159337.0,SG,1.352083,103.819836
Solomon Islands,,1098144970.0,SB,-9.645710000000001,160.156194
Somalia,,2203344957.0,SO,5.152149,46.199616
Sri Lanka,,2933122546.0,LK,7.873054,80.77179699999999
Sudan,,7444147756.0,SD,12.862807,30.217636
Suriname,,244674490.0,SR,3.9193050000000005,-56.02778299999999
Swaziland,,142755249.0,SZ,-26.522503000000004,31.465866
Syria,,3606203234.0,SY,34.802075,38.996815000000005
Tajikistan,,788660676.0,TJ,38.861034000000004,71.276093
Tanzania,,4357785383.0,TZ,-6.369028,34.888822
Timor-Leste,,1001800556.0,TL,-8.874217,125.727539
Togo,,604100998.0,TG,8.619543,0.824782
Tokelau,,9317818.0,TK,-8.967363,-171.855881
Tonga,,156814861.0,TO,-21.178986,-175.198242
Tunisia,,4298296130.0,TN,33.886917,9.537499
Turkey,,9675653238.0,TR,38.963745,35.243322
Turkmenistan,,309869736.0,TM,38.969719,59.556278000000006
Turks and Caicos Islands,,10267949.0,TC,21.694025,-71.797928
Tuvalu,,71407569.0,TV,-7.109535,177.64933
Uganda,,2924055890.0,UG,1.373333,32.290275
Ukraine,,3552331351.0,UA,48.379433,31.16558
Uruguay,,1627024962.0,UY,-32.522779,-55.765834999999996
Uzbekistan,,1430297169.0,UZ,41.377491,64.585262
Vanuatu,,422620017.0,VU,-15.376706,166.959158
Venezuela,,742251421.0,VE,6.42375,-66.58973
Yemen,,2379402710.0,YE,15.552726999999999,48.516388
Zambia,,1677224992.0,ZM,-13.133897,27.849332
Zimbabwe,,1705830887.0,ZW,-19.015438,29.154857
